aap40340@hkg.odn.ne.jp	"K.KNP"	"中島謙二"
hen@ai.wakwak.com	"HEN"	"岩城英俊"
srf@osk4.3web.ne.jp	"Yoshinobu Takahashi"	"孝橋悦達"
bakuzan@iris.ne.jp	"OEC"	"大石義隆"
s-ochi@rainbow.plala.or.jp	"OCHI Shuji"	"越智修司"
goagoa@horae.dti.ne.jp	"goagoa"	"佐藤義範"
mireru6@yahoo.co.jp	"miccyon"	"町田道紀"
kakimoto.takashi@renesas.com	"kakky"	"垣本尚史"
takazo1@axel.ocn.ne.jp	"FUKASE Takashi"	"深瀬隆"
y-maeda@fb3.so-net.ne.jp	"Yukitoshi Maeda"	"前田幸俊"
y-maeda@hld.co.jp	"Yukitoshi Maeda"	"前田幸俊"
kawata@stark.co.jp	"KAWATA Minoru"	"川田稔"
valda@suicidalmachineers.com	"valda"	"山口誠司"
tak_tahara@yahoo.co.jp	"TAHARA Takumi"	"田原匠"
tahara@hld.co.jp	"TAHARA Takumi"	"田原匠"
yossy@r8.dion.ne.jp	"yossy"	"吉村秀一"
samurai@kuzuningen.org	"yossy"	"吉村秀一"
ochi-s@klab.org	"OCHI Shuji"	"越智修司"
osaka-rd@klab.org	"osaka-rd"	"大阪開発ML"
